Date,Close/Last,Volume,Open,High,Low,Day
02/24/2020,63.01,1285434,63.48,63.83,62.2,0
02/25/2020,58.81,1685929,63.17,63.2086,58.66,1
02/26/2020,57.37,1813957,59.37,59.66,57.2,2
02/27/2020,52.96,2704849,54.79,56.68,52.91,3
02/28/2020,50.46,3535303,51.09,52.01,49.445,4
03/02/2020,50.03,3075018,50.85,51.3,48.38,5
03/03/2020,47.37,3415189,50.47,50.47,46.3,6
03/04/2020,49.69,3480573,48.19,49.71,46.57,7
03/05/2020,43.46,3859236,47.66,47.66,43.36,8
03/06/2020,45.21,5041787,41.5,48.4,41.4,9
03/09/2020,43.19,3413762,43.16,45.19,42.14,10
03/10/2020,46.78,3140020,45.31,47.69,43.37,11
03/11/2020,45.7,3185711,45.1,46.04,43.37,12
03/12/2020,35.08,4731514,40.11,43.4018,35.01,13
03/13/2020,37.95,3947823,38.1,38.1,33,14
03/16/2020,32.53,4456887,32.02,34.4,28.92,15
03/17/2020,32.53,3707614,33.06,36.2,31.28,16
03/18/2020,25.13,5067377,29.53,30.04,20.02,17
03/19/2020,24.18,2901109,24.7,25.99,22.01,18
03/20/2020,23.56,4062514,25.71,27.97,23.34,19
03/23/2020,24.03,3694649,24,24.98,22.15,20
03/24/2020,28.91,4750648,29.44,31.26,27.38,21
03/25/2020,29.84,7739353,33.56,34.25,28.36,22
03/26/2020,32.49,4919675,31.91,33.37,30.02,23
03/27/2020,29.87,3546910,31.73,31.9,29.78,24
03/30/2020,28.33,2841735,29.13,29.95,26.55,25
03/31/2020,28.47,2668409,28.96,30.705,28.13,26
04/01/2020,26.35,3350013,26.92,27.55,25.25,27
04/02/2020,24.66,3065198,26.14,27.02,24.28,28
04/03/2020,24.69,2707499,25.16,25.65,23.58,29
04/06/2020,26.67,3724657,26.04,27.27,24.92,30
04/07/2020,29.03,3766820,29.34,31.77,28.54,31
04/08/2020,29.14,2940051,30.2,30.32,28.95,32
04/09/2020,31.61,4210881,31.24,33.605,30.385,33
04/13/2020,29.51,3181769,32.63,32.86,28.6108,34
04/14/2020,31.05,2789864,30.58,31.92,30.4196,35
04/15/2020,30.08,4252965,32.24,32.42,29,36
04/16/2020,28.26,3274707,29.24,29.45,27.51,37
04/17/2020,29.93,2491824,29.69,30.28,29.31,38
04/20/2020,29.23,1812479,28.94,29.96,28.13,39
04/21/2020,28.29,1884229,27.8,29.19,27.61,40
04/22/2020,27.53,2600459,29,29.23,27.02,41
04/23/2020,28.2,2399870,28.01,28.98,27.75,42
04/24/2020,28.01,3055151,28.56,28.82,27.205,43
04/27/2020,27.85,2766597,28.34,29.26,27.7,44
04/28/2020,31.58,3954692,28.89,32.25,28.704,45
04/29/2020,34,4002548,34.06,34.72,32.72,46
04/30/2020,32.52,2678752,32.78,33.5,31.4,47
05/01/2020,30.11,2392729,31.41,31.85,29.6,48
05/04/2020,28.77,4457742,27.12,28.9,26.56,49
05/05/2020,28.97,3958502,29.72,30.37,28.41,50
05/06/2020,27.83,2994853,28.88,29.0599,27.2,51
05/07/2020,28.25,2910461,28.06,29.09,27.8,52
05/08/2020,30,2771952,28.77,30.16,28.56,53
05/11/2020,28.36,3003804,29.48,29.49,28.24,54
05/12/2020,26.85,2983646,28.46,28.99,26.82,55
05/13/2020,25.52,3449112,26.56,26.655,24.8,56
05/14/2020,26.14,3507227,24.42,26.18,23.39,57
05/15/2020,25.63,2787220,25.65,26.58,25.15,58
05/18/2020,29.05,4334521,27.67,29.5,27.08,59
05/19/2020,28.66,3189434,29.61,29.96,28.04,60
05/20/2020,30.26,2676458,29.35,30.47,29.12,61
05/21/2020,31.84,3278588,30.36,32.19,30.21,62
05/22/2020,31.02,2888349,32.32,32.61,30.32,63
05/26/2020,35.03,4605514,33.58,35.44,33.32,64
05/27/2020,35.74,5503562,38.53,39.47,34.4301,65
05/28/2020,34.46,3276719,35.88,36,34.03,66
05/29/2020,34.19,3563139,33.19,35.12,32.7751,67
06/01/2020,36.11,2894679,34.38,36.58,34.0481,68
06/02/2020,36.2,3472768,37.05,37.4,35.63,69
06/03/2020,39.3,4512960,37.28,40.6287,37.22,70
06/04/2020,42.32,6768554,41,43.41,39.5666,71
06/05/2020,42.72,9436950,47.84,48.66,41.81,72
06/08/2020,50.24,13224950,45.9,50.81,45.25,73
06/09/2020,46.1,7384379,48.06,48.479,44.01,74
06/10/2020,41.48,8580760,44.26,44.26,39.8101,75
06/11/2020,35.59,6825281,36.11,38.125,35.18,76
06/12/2020,38.47,6102229,39.72,39.8,36.33,77
06/15/2020,37.77,5533694,35.62,38.57,35.38,78
06/16/2020,38.21,5076343,40.51,40.8,37.77,79
06/17/2020,37.41,2490236,37.61,38.175,36.75,80
06/18/2020,37.45,3391234,36.58,37.84,36.13,81
06/19/2020,36.29,3873108,38.33,38.35,35.51,82
06/22/2020,36.47,2919174,35.5,36.79,35.23,83
06/23/2020,36.83,2825077,36.87,37,35.63,84
06/24/2020,34.39,3475455,36.08,36.34,34.3,85
06/25/2020,35.48,3049709,33.24,35.68,33,86
06/26/2020,34.3,3578722,35.45,35.65,33.51,87
06/29/2020,36.91,3558277,34.73,37.12,34.0625,88
06/30/2020,36.26,3098813,36.44,36.81,35.32,89
07/01/2020,35.7,3146783,37.18,38.2892,35.5,90
07/02/2020,36.49,2753481,37.2,37.49,36.271,91
07/06/2020,37.08,2133107,37.34,37.9,36.03,92
07/07/2020,36.1,2687492,36.22,36.55,35.6485,93
07/08/2020,36.26,2143209,35.6,36.34,35.165,94
07/09/2020,34.44,2178037,36,36.12,34.38,95
07/10/2020,35.73,2016414,34,36.04,33.62,96
07/13/2020,34.88,2249091,35.95,36.13,34.63,97
07/14/2020,35.49,1734475,34.27,35.85,34.13,98
07/15/2020,38.76,3519627,37.58,38.9391,36.89,99
07/16/2020,37.28,1743656,37.77,38.23,36.81,100
07/17/2020,37,1147013,37.25,37.52,36.5801,101
07/20/2020,35.89,1892734,36.62,37.32,35.56,102
07/21/2020,36.2,1644648,35.89,36.69,35.75,103
07/22/2020,36.3,1781143,35.92,37.31,35.7201,104
07/23/2020,36.67,3276532,36.45,37.95,34.85,105
07/24/2020,35.06,2781094,35.64,36.38,34.68,106
07/27/2020,34.15,2128931,35.02,35.44,33.88,107
07/28/2020,35,2243537,33.93,35.48,33.84,108
07/29/2020,34.76,1521253,35.12,35.35,34.3,109
07/30/2020,34.66,1695121,34.1,35,33.89,110
07/31/2020,34.44,2226263,34.21,34.59,33.65,111
08/03/2020,34,2632925,34.09,34.6051,33.22,112
08/04/2020,34.3,2277039,34.01,35.02,33.95,113
08/05/2020,35.76,3070588,35.39,36.04,34.4134,114
08/06/2020,36.42,2586152,35.75,36.69,35.33,115
08/07/2020,36.61,1588481,36,36.6313,35.79,116
08/10/2020,39.25,3807191,36.98,39.47,36.96,117
08/11/2020,38.98,3604075,40.9,41.05,38.67,118
08/12/2020,38.46,2187144,39.53,39.74,37.57,119
08/13/2020,37.79,1802726,37.8,38.96,37.55,120
08/14/2020,37.68,1871962,37.06,38.05,36.85,121
08/17/2020,36.26,2085836,37.48,37.63,36.1716,122
08/18/2020,36.19,1456767,36.55,36.85,35.83,123
08/19/2020,35.85,1966945,36.32,37.61,35.785,124
08/20/2020,35.77,1362916,35.5,35.99,35.04,125
08/21/2020,35.43,1370222,35.85,36.25,35.385,126
08/24/2020,37.52,2584574,35.77,37.695,35.44,127
08/25/2020,37.71,2345152,38.18,38.4799,36.75,128
08/26/2020,36.69,1617025,37.52,37.71,36.6,129
08/27/2020,38.5,3452599,37.9,39.43,37.6901,130
08/28/2020,40.73,3823804,39.05,40.74,38.56,131
08/31/2020,38.95,2831386,40.4,40.65,38.9,132
09/01/2020,39.15,2282826,38.1,40.06,37.82,133
09/02/2020,40.47,2375637,39.23,40.555,38.77,134
09/03/2020,40.39,3143512,41.03,42.39,39.26,135
09/04/2020,40.82,3242221,41.32,41.82,39.38,136
09/08/2020,41.6,2914999,40.17,42.57,40.06,137
09/09/2020,40.67,2248685,40.7,41.27,39.6755,138
09/10/2020,40.89,2018868,41.29,41.67,40.8118,139
09/11/2020,40.33,2445900,40.76,40.88,39.765,140
09/14/2020,41.51,1966751,40.8,41.625,40.44,141
09/15/2020,42.18,1725148,41.69,42.465,41.4,142
09/16/2020,43.12,2408227,42.13,43.9434,41.57,143
09/17/2020,42.15,1743626,42.49,43.56,41.93,144
09/18/2020,41.04,3010778,41.62,41.9008,40.4401,145
09/21/2020,37.64,2862476,39.36,39.8,37.54,146
09/22/2020,37.88,1852960,37.85,38.47,37.52,147
09/23/2020,36.86,2097352,38.35,38.84,36.81,148
09/24/2020,35.7,3326039,36.54,36.59,34.83,149
09/25/2020,36.7,1767638,35.49,36.9,35.4,150
09/28/2020,37.54,2922841,37.59,38.26,36.74,151
09/29/2020,36.67,1747948,37.4,37.42,36.285,152
09/30/2020,36.63,1922303,37.59,38.27,36.475,153
10/01/2020,36.91,1858682,37.09,37.21,36.23,154
10/02/2020,37.52,3904407,35.6,38.15,35.31,155
10/05/2020,37.57,1987466,37.92,38,36.87,156
10/06/2020,36.09,2041000,38.22,38.44,36.06,157
10/07/2020,37.02,2102897,37.21,37.64,36.8,158
10/08/2020,38.63,3650595,37.73,39.46,37.62,159
10/09/2020,38.69,2633481,38.23,39.1,37.92,160
10/12/2020,38.41,2139617,38.32,38.5899,37.82,161
10/13/2020,38,1941010,38.22,38.65,37.81,162
10/14/2020,38.55,2197121,38.09,39.35,38.09,163
10/15/2020,38.03,1818640,38.02,38.2,37.33,164
10/16/2020,39.35,2457612,38.18,39.75,38.06,165
10/19/2020,39.58,2153458,39.61,40.86,39.36,166
10/20/2020,39.93,1678243,40.33,40.78,39.69,167
10/21/2020,39.69,1722446,39.69,40.045,38.95,168
10/22/2020,40.59,2675840,39.15,41.32,38.9,169
10/23/2020,41.57,1974574,40.63,41.73,39.83,170
10/26/2020,38.58,2755403,40.88,41.12,37.93,171
10/27/2020,37.47,1757648,38.31,38.56,37.29,172
10/28/2020,35.71,1862338,36.5,36.77,35.06,173
10/29/2020,36.78,1971019,35.61,37.09,35.52,174
10/30/2020,37.89,2886606,36.55,37.95,36.26,175
11/02/2020,38.27,1722949,38.22,38.43,36.8201,176
11/03/2020,38.56,2132220,39.37,39.71,38.22,177
11/04/2020,37.8,2425687,37.73,39.28,36.9,178
11/05/2020,39.18,1477026,38.23,39.55,38.1,179
11/06/2020,38.26,1339957,38.9,38.94,37.76,180
11/09/2020,45.91,7015144,44.74,46.28,43.45,181
11/10/2020,45.52,3642671,45.9,46.65,44.2,182
11/11/2020,44.34,2186396,45.2,45.4105,43.68,183
11/12/2020,42.41,2480016,43.05,44.27,41.9,184
11/13/2020,44.66,1923177,43.11,44.87,42.7801,185
11/16/2020,47.16,3729731,47.48,47.66,45.28,186
11/17/2020,47.46,1802439,46.34,48.05,46.0021,187
11/18/2020,47.72,1985256,48.5,49.71,47.6,188
11/19/2020,48.49,1647098,47.36,48.54,47.005,189
11/20/2020,47.72,1929069,48.23,48.2646,46.6301,190
11/23/2020,49.72,1887379,48.4,49.97,48.18,191
11/24/2020,52.37,3332829,51.42,52.75,50.26,192
11/25/2020,52.47,1661446,51.94,52.74,50.8189,193
11/27/2020,51.55,1338052,52.46,53.42,51.3871,194
11/30/2020,50.97,2022624,52,52,49.62,195
12/01/2020,50.94,1430307,51.77,52.57,50.92,196
12/02/2020,51.29,1824267,50.19,51.4882,49.91,197
12/03/2020,53.01,2647076,52.18,54.625,52.06,198
12/04/2020,52.94,2113589,54.05,54.96,52.34,199
12/07/2020,51.01,2707113,52.64,52.94,50.8,200
12/08/2020,50.97,1814054,50.51,51.76,50.155,201
12/09/2020,50.36,1627788,51.45,51.85,49.58,202
12/10/2020,51.29,1335476,49.14,51.37,49.1,203
12/11/2020,49.88,1964881,51.18,51.42,48.91,204
12/14/2020,48.93,2158302,50.84,51,48.54,205
12/15/2020,50.33,1627649,49.34,50.57,48.29,206
12/16/2020,49.75,1485904,49.83,50.06,49.05,207
12/17/2020,50.17,1582433,50.23,50.25,49.05,208
12/18/2020,50.35,2931493,49.74,50.63,49.6,209
12/21/2020,50.22,2142108,48.91,50.67,48.27,210
12/22/2020,50.35,1795245,50.71,50.76,49.7,211
12/23/2020,51.84,2143694,50.63,52.719,50.61,212
12/24/2020,52.25,814791,52.25,52.56,51.12,213
12/28/2020,52.58,1307894,52.95,53.76,52.4101,214
12/29/2020,52.03,913089,52.98,53.14,51.78,215
12/30/2020,52.9,1243087,52,53.03,51.98,216
12/31/2020,52,1131695,52.61,52.62,51.865,217
01/04/2021,49.24,2218749,52.17,52.19,48.807,218
01/05/2021,49.86,1645081,48.84,50.69,48.7871,219
01/06/2021,51.52,2014986,49.85,52.12,49.52,220
01/07/2021,51.32,1228156,51.72,52.46,51.28,221
01/08/2021,50.98,1043879,51.79,51.93,50.4801,222
01/11/2021,50.15,1955958,50.1,50.85,49.6,223
01/12/2021,51.69,1958841,50.43,51.9,50.1401,224
01/13/2021,51.85,1652559,51.46,52.37,50.63,225
01/14/2021,55.42,3174851,52.51,56.14,52.32,226
01/15/2021,53.65,2052701,55.53,56.18,53.57,227
01/19/2021,54.71,1194049,54.47,55.12,53.42,228
01/20/2021,55.81,1151639,54.99,56.1,54.6641,229
01/21/2021,54.96,1334719,54.86,55.64,54.16,230
01/22/2021,54.47,936103,54.2,54.6499,53.71,231
01/25/2021,52.9,2800310,54,54.05,51.23,232
01/26/2021,51.83,2736962,53.5,53.65,51.62,233
01/27/2021,48.85,3787621,50.965,51.22,48.09,234
01/28/2021,50.67,2884625,50.075,51.98,50.0147,235
01/29/2021,48.83,2231022,50.48,50.56,48.13,236
02/01/2021,49.89,2704686,49.355,50.56,48.25,237
02/02/2021,50.66,2376171,50.85,51.2394,50.18,238
02/03/2021,52.54,1530819,51.25,52.74,50.76,239
02/04/2021,54.48,1745375,52.8,54.7143,52.72,240
02/05/2021,54.18,1163516,54.98,55.15,54.05,241
02/08/2021,57.08,1755410,54.6,57.6,54.5901,242
02/09/2021,55.74,1296287,56.48,56.59,55.57,243
02/10/2021,57.36,1445083,56.11,57.68,55.65,244
02/11/2021,57.69,1362137,57.04,57.74,56.45,245
02/12/2021,57.56,967282,57.19,58.17,56.915,246
02/16/2021,59.94,1650693,58.54,60.1,57.69,247
02/17/2021,59.99,1357743,59.38,60.245,58.94,248
02/18/2021,59.9,1416254,59.21,60.18,58.43,249
02/19/2021,62.28,1986487,60.42,62.8551,60.18,250
02/22/2021,63.61,4115860,63.91,66.1289,62.64,251
02/23/2021,66.52,3113296,64.725,66.965,62.15,252
02/24/2021,67.45,3229545,66.9,68.989,66.64,253
02/25/2021,65.56,2035146,67.49,67.89,64.07,254
02/26/2021,65.02,2203699,65.32,66.57,63.58,255
03/01/2021,64.83,2445443,67.08,67.67,64.31,256
03/02/2021,65.42,1094453,64.57,65.82,64.05,257
03/03/2021,65.96,1212037,66.13,67.2229,65.18,258
03/04/2021,64.62,1592999,65.32,66.7,61.85,259
03/05/2021,64.89,1783996,65.04,65.29,59.6893,260
03/08/2021,67.99,2201370,65.99,69.1684,65.61,261
03/09/2021,66.89,1449131,68.66,68.75,66.205,262
03/10/2021,66.39,1648429,66.36,67.68,65.15,263
03/11/2021,65.69,1998685,66.86,66.99,65.11,264
03/12/2021,68.02,1865640,66.01,68.88,65.8,265
03/15/2021,71.98,3738049,69.44,72.62,68.86,266
03/16/2021,70.6,2045530,72.41,72.5,70.2,267
03/17/2021,73.2,1948885,70.05,73.26,69.76,268
03/18/2021,70.59,1885840,72.69,73.749,70.21,269
03/19/2021,70.78,2414319,69.98,71.69,68.22,270
03/22/2021,68.56,1728588,70.42,70.42,68.24,271
03/23/2021,65.66,1669811,67.6,68.79,65.23,272
03/24/2021,65.42,1305171,66.7,68.64,65.37,273
03/25/2021,67.75,2028088,64.25,67.97,63.5,274
03/26/2021,68.32,1222252,68.6,69.54,66.88,275
03/29/2021,67.5,1478934,68.65,68.83,66.35,276
03/30/2021,69.94,1602132,68.01,70.34,67.75,277
03/31/2021,69.21,1184432,70.02,70.05,68.57,278
04/01/2021,69.49,810336,69.67,70.44,68.95,279
04/05/2021,71.09,1427323,70.74,72.75,70.488,280
04/06/2021,73.74,2764155,72.44,73.9,71.85,281
04/07/2021,72.36,1246893,73.7,74.25,71.717,282
04/08/2021,72.69,1278563,71.78,72.95,70.36,283
04/09/2021,72.63,909526,72.7,72.95,71.59,284
04/12/2021,71.3,1024923,72,72.47,70.66,285
04/13/2021,70.22,3012551,70.52,70.8347,67.76,286
04/14/2021,70.57,1550273,71.59,72.4,70.41,287
04/15/2021,69.43,1750567,71.51,71.66,68.47,288
04/16/2021,69.33,1465869,69.7,70.55,68.6862,289
04/19/2021,68.77,1286433,69,69.175,67.88,290
04/20/2021,66.9,1749793,67.89,68.025,65.44,291
04/21/2021,68.83,1668893,66.5,68.83,64.81,292
04/22/2021,66.96,2410551,70,70.24,66.96,293
04/23/2021,69.21,1187507,67.55,69.55,67.2,294
04/26/2021,69.48,1824171,70.4,70.95,68.71,295
04/27/2021,69.08,838334,69,69.7175,68.49,296
04/28/2021,68.65,1023244,68.86,69,68.05,297
04/29/2021,68.57,889395,69.27,69.51,68.19,298
04/30/2021,69.14,1616287,67.96,69.72,67.85,299
05/03/2021,68.69,1186212,69.46,69.8,68.05,300
05/04/2021,66.56,1887800,68.12,68.89,65.87,301
05/05/2021,66.91,760966,65.98,67.8,65.98,302
05/06/2021,67.04,1014725,67.02,67.4,65.78,303
05/07/2021,67.9,829281,66.5,68.57,66.4959,304
05/10/2021,67.09,814309,68,68.53,67.03,305
05/11/2021,65.54,1279848,65.3,66.05,63.64,306
05/12/2021,64.77,1809391,65.23,66.49,64.55,307
05/13/2021,67.16,1593391,65.4,67.66,65.25,308
05/14/2021,69.84,1454250,68.08,70.25,68.08,309
05/17/2021,71.67,2057342,69.2,71.87,68.5301,310
05/18/2021,70.29,1457208,72,72.92,70.29,311
05/19/2021,69.33,953222,69.29,69.77,67.9,312
05/20/2021,68.43,834450,69.88,69.88,67.53,313
05/21/2021,68.07,1083490,68.88,69.3,68,314
05/24/2021,69.25,794367,68.43,69.36,67.75,315
05/25/2021,68.25,1780981,68.96,70.3,68.1,316
05/26/2021,69.64,1143735,68.77,69.95,68.63,317
05/27/2021,70.43,856437,70.14,70.61,69.3947,318
05/28/2021,69.2,1159143,70.35,70.38,68.9501,319
06/01/2021,69.54,1557047,69.93,70.9,68.91,320
06/02/2021,67.84,1876062,69.84,69.85,67.54,321
06/03/2021,65.46,2206519,66.83,67.34,65.33,322
06/04/2021,65.45,1267524,65.78,66.1698,64.82,323
06/07/2021,65.56,1094017,65.91,66.3864,65.26,324
06/08/2021,66.3,1272366,66,66.94,65.17,325
06/09/2021,65.62,1010359,66.6,66.66,65.5,326
06/10/2021,64.9,1491770,67.01,67.01,64.755,327
06/11/2021,65.48,2844159,64.855,65.83,63.43,328
06/14/2021,64.45,1942842,65.12,65.75,64.265,329
06/15/2021,64.33,1720903,64.71,64.935,63.54,330
06/16/2021,63.93,1306769,64.4,64.9071,63.62,331
06/17/2021,62.64,1720226,64.18,64.51,61.88,332
06/18/2021,63.31,3381611,62.43,64.1303,62.01,333
06/21/2021,65.02,1516920,63.79,65.16,63.6,334
06/22/2021,64.21,1818020,64.61,64.97,63.1,335
06/23/2021,63.78,1495327,64.3,64.49,63.74,336
06/24/2021,63.55,1281793,64.19,64.4,63.06,337
06/25/2021,63.27,1693696,63.42,63.71,62.9101,338
06/28/2021,61.45,2038669,62.45,62.685,60.52,339
06/29/2021,60.13,3916110,61.27,61.6338,59.85,340
06/30/2021,60.31,4112675,60.01,60.62,59.83,341
07/01/2021,61.43,2243692,60.86,61.55,60.46,342
07/02/2021,60.71,1196652,61.69,61.75,60.41,343
07/06/2021,59.19,1452387,60.74,61.09,58.94,344
07/07/2021,57.62,2208002,58.99,59.63,57.22,345
07/08/2021,57.78,1830939,56.5,58.7299,55.93,346
07/09/2021,59.38,1213538,58.65,59.59,58.27,347
07/12/2021,59.67,1297405,58.82,59.8,58.07,348
07/13/2021,57.62,1810329,59.03,59.105,57.47,349
07/14/2021,57.55,1533673,58.5,59.39,57.21,350
07/15/2021,56.91,1938990,57.09,58,56.01,351
07/16/2021,54.62,2810241,57.5,57.62,54.36,352
07/19/2021,52.83,3103912,52.84,53.71,51.75,353
07/20/2021,55.48,2404441,52.82,55.91,52.58,354
07/21/2021,57.59,2659063,56.33,58.22,56.26,355
07/22/2021,57.98,4907429,56.86,58.98,55.4,356
07/23/2021,58.25,1920049,58.86,59.48,57.7437,357
07/26/2021,60.56,2326877,58.26,60.66,58.26,358
07/27/2021,59.32,1552476,60.34,60.49,59.08,359
07/28/2021,59.66,1586244,59.9,60.2,58.32,360
07/29/2021,58.85,1423412,60.29,60.5,58.82,361
07/30/2021,58.03,2072561,58.12,59.42,57.7,362
08/02/2021,56.71,2440296,58.21,59.73,56.62,363
08/03/2021,57.19,1833551,56.74,57.2,55.2,364
08/04/2021,55.24,2127444,56.14,56.96,54.79,365
08/05/2021,57.56,2223753,55.25,57.8698,55.15,366
08/06/2021,57.87,1499582,58.14,58.49,57.02,367
08/09/2021,56.86,1345166,57.07,57.47,55.87,368
08/10/2021,58.47,1621283,56.81,58.98,56.52,369
08/11/2021,59.45,2010063,57.85,59.72,57.51,370
08/12/2021,58.57,1174908,59.12,59.2499,57.71,371
08/13/2021,57.62,1099619,58.43,58.55,57.45,372
08/16/2021,57.36,1416993,57.12,57.52,56.09,373
08/17/2021,55.24,1861747,56.46,56.4875,54.5599,374
08/18/2021,54.89,2306299,55.08,56.17,54.75,375
08/19/2021,53.98,1745927,54.53,54.815,52.88,376
08/20/2021,54.35,1248955,53.83,54.46,53.595,377
08/23/2021,55.15,2324140,55,56.07,54.94,378
08/24/2021,57.12,1393683,56.04,57.48,55.96,379
08/25/2021,57.66,1336467,57.13,58.09,56.71,380
08/26/2021,57.18,1343932,57.23,58.18,56.65,381
08/27/2021,58.22,1415551,57.33,58.72,57.31,382
08/30/2021,56.71,1247142,58.51,58.51,56.53,383
08/31/2021,57.34,1413678,56.6,57.71,56.3574,384
09/01/2021,57.23,1175371,57.78,57.87,56.61,385
09/02/2021,57.84,1149686,57.45,58.29,56.79,386
09/03/2021,57.11,1401304,57.64,58.56,56.85,387
09/07/2021,57.14,1255197,56.25,57.42,56.12,388
09/08/2021,56.39,1357333,57.27,58.1,56.15,389
09/09/2021,58.2,2208261,56.13,59.24,55.84,390
09/10/2021,56.09,2097889,58.36,58.41,56.02,391
09/13/2021,57.16,1364112,56.73,57.65,55.43,392
09/14/2021,56.3,1082976,56.76,57.13,55.95,393
09/15/2021,56.34,1565463,56.2,56.51,55.45,394
09/16/2021,57.02,1378836,56.85,57.6,56.72,395
09/17/2021,56.92,2370859,57.16,58.04,56.22,396
09/20/2021,56.96,2285046,56.4,57.43,55.73,397
09/21/2021,56.11,1565310,57.41,58.04,55.9,398
09/22/2021,57.45,1909932,56.57,58.08,56.57,399
09/23/2021,59.8,2608304,57.94,60.26,57.8017,400
09/24/2021,60.79,2053524,59.86,61.39,59.7,401
09/27/2021,61.25,1880926,61.64,62.85,61.17,402
09/28/2021,61.22,1729142,61.27,62.37,61.01,403
09/29/2021,60.45,1795575,61.5,61.71,60.36,404
09/30/2021,58.6,2021268,60.18,60.18,58.16,405
10/01/2021,62.2,2619675,60.53,62.68,59.82,406
10/04/2021,62.09,1858352,62.77,63.76,61.97,407
10/05/2021,61.6,1705493,62.19,62.91,61.195,408
10/06/2021,61.05,1639054,59.9,61.08,59.51,409
10/07/2021,60.24,1522450,61.73,61.87,60.21,410
10/08/2021,59.8,899674,60.49,60.73,59.4528,411
10/11/2021,58.46,1550700,59.21,60.02,58.33,412
10/12/2021,58.43,1783455,58.17,58.89,57.63,413
10/13/2021,57.04,2184706,58.04,58.04,56.43,414
10/14/2021,57.52,1246661,57.52,58.01,56.93,415
10/15/2021,57.77,1933031,58.94,59.12,57.68,416
10/18/2021,57.42,1257808,57.17,57.96,56.7,417
10/19/2021,56.94,1720590,57.57,57.62,56.44,418
10/20/2021,57.25,2070447,57.01,57.8583,56.23,419
10/21/2021,56.2,2741788,57.48,58,55.89,420
10/22/2021,53.81,3087146,55.24,55.66,53.64,421
10/25/2021,53.94,1842600,53.7,54.63,53.395,422
10/26/2021,54.27,1588325,54.81,55.3,54.04,423
10/27/2021,52.71,1550290,54.37,54.47,52.69,424
10/28/2021,52.86,1527871,52.79,53.44,52.62,425
10/29/2021,52.8,1681721,52.91,53.5,52.2,426
11/01/2021,54.71,1755228,53.02,54.74,52.5968,427
11/02/2021,54.45,1400699,54.51,54.62,53.61,428
11/03/2021,55.93,1690654,54.16,55.99,53.9601,429
11/04/2021,55.73,1215246,56.17,56.4,55.26,430
11/05/2021,59.35,2460025,58.55,59.7299,58.131,431
11/08/2021,58.88,1935881,59.68,60.1167,58.64,432
11/09/2021,58.83,1510521,58.82,59.2,57.96,433
11/10/2021,57.54,1321690,58.19,58.815,57.26,434
11/11/2021,56.81,807031,57.52,57.72,56.74,435
11/12/2021,55.65,2387292,56.82,57.13,55.05,436
11/15/2021,55.67,1222770,56.05,56.4,55.3778,437
11/16/2021,53.89,2343875,55.44,55.545,53.56,438
11/17/2021,53.54,1289014,53.7,54.06,52.95,439
11/18/2021,52.54,1805660,53.64,53.75,52.04,440
11/19/2021,52.74,3461973,51.9,52.84,50.98,441
11/22/2021,53.08,1918941,53.23,53.88,52.48,442
11/23/2021,52.73,1221146,53.68,54.09,52.4661,443
11/24/2021,52.91,1524966,52.24,53.65,51.96,444
11/26/2021,49.45,3092198,50,50.07,47.38,445
11/29/2021,49.45,2660127,50.19,50.98,48.76,446
11/30/2021,48.57,2259061,48.5,49.13,47.56,447
12/01/2021,46.29,2594870,49.96,50.22,46.26,448
12/02/2021,49.52,2209972,47,49.849,46.8028,449
12/03/2021,48.57,1682002,49.31,49.72,47.731,450
12/06/2021,50.62,2716133,49.51,52.265,49.47,451
12/07/2021,50.35,1873810,51.26,51.85,49.92,452
12/08/2021,51.43,2171075,50.77,52.8994,50.61,453
12/09/2021,51.42,2309406,50.72,51.78,49.85,454
12/10/2021,51.67,2007052,51.44,52.06,50.7214,455
12/13/2021,50.3,1627953,50.82,50.94,49.68,456
12/14/2021,50.14,1555079,50.2,51.69,50.01,457
12/15/2021,50.27,1837415,50.2,50.43,48.78,458
12/16/2021,49.22,1728711,50.81,51.14,49.04,459
12/17/2021,50.03,3780143,49.37,50.98,48.71,460
12/20/2021,49.34,1870340,48.99,50.2,48.27,461
12/21/2021,52.07,2166242,50,52.28,49.875,462
12/22/2021,52.19,1605019,52.24,52.72,51.57,463
12/23/2021,53.02,1996069,53,53.29,52.4,464
12/27/2021,52.62,1474734,51.83,52.9695,51.44,465
12/28/2021,52.9,1292951,52.1,53.4,51.98,466
12/29/2021,52.14,1429592,52.41,52.51,51.835,467
12/30/2021,51.94,1667392,51.88,52.92,51.8,468
12/31/2021,52.1,1273414,51.93,52.4391,51.62,469
01/03/2022,54.07,1942663,52.86,54.63,52.83,470
01/04/2022,55.45,2613973,55.19,55.61,54.33,471
01/05/2022,54.77,1914899,55.82,56.33,54.71,472
01/06/2022,54.46,1593377,55.69,55.99,54.17,473
01/07/2022,55.86,1831753,55.07,56.68,54.73,474
01/10/2022,55.1,2206271,56.25,56.56,54.52,475
01/11/2022,55.99,1222262,55,56.2,54.9301,476
01/12/2022,55.15,1207630,55.61,56.175,55.02,477
01/13/2022,56.55,1900981,55.5,57.6,55.2,478
01/14/2022,55.79,1552489,55.88,56.34,54.9516,479
01/18/2022,54.98,1335858,55.03,56.15,54.82,480
01/19/2022,54.37,1587503,55.13,55.7,54.3,481
01/20/2022,53.81,1646688,54.6,55.6713,53.679,482
01/21/2022,52.02,2106238,53.49,53.755,51.82,483
01/24/2022,51.4,3193610,50.59,51.5,48.73,484
01/25/2022,52.19,2487416,50.75,52.5,50.67,485
01/26/2022,52.31,2531968,53.21,54.025,51.58,486
01/27/2022,52.6,3346412,53.86,56.05,52.39,487
01/28/2022,52.25,2280787,52.26,52.63,49.73,488
01/31/2022,54.74,2220117,51.57,54.84,51.38,489
02/01/2022,54.81,1908509,55.01,55.8833,54.41,490
02/02/2022,54.35,1534769,54.56,54.896,53.6,491
02/03/2022,53.24,1374158,54.1,54.61,53.12,492
02/04/2022,53.49,1282452,52.82,53.74,52.33,493
02/07/2022,55.36,2038199,54.53,55.885,54.48,494
02/08/2022,57.65,2328527,55.93,57.74,55.35,495
02/09/2022,58.59,2096646,58,59.16,57.86,496
02/10/2022,58.62,2001079,58.09,59.87,57.89,497
02/11/2022,56.84,2248381,58.92,59.68,55.9,498
02/14/2022,57.01,2260246,57.05,58.08,56.565,499
02/15/2022,59.91,2514843,58.71,60.25,58.4,500
02/16/2022,60.31,1915900,59.37,61.065,59.15,501
02/17/2022,58.89,1207129,59.38,59.825,58.48,502
02/18/2022,58.79,2603712,58.8,59.92,58.41,503
02/22/2022,57.83,1745283,58,59.23,57.35,504
02/23/2022,55.82,1758724,58.29,58.51,55.64,505
02/24/2022,56.2,2608767,52.48,56.46,51.62,506
02/25/2022,57.57,2021667,56.75,58.15,56.3401,507
02/28/2022,56.14,2879053,56.35,56.9,55.2,508
03/01/2022,52.34,3083740,55.35,55.74,51.95,509
03/02/2022,52.62,1975263,53.18,53.6499,52.02,510
03/03/2022,51.42,1915273,53.23,53.75,51.04,511
03/04/2022,49.14,2533941,50.1,50.55,48.52,512
03/07/2022,43.69,3682461,48.5,48.8699,43.62,513
03/08/2022,46.67,4209469,45.08,48.79,43.46,514
03/09/2022,48.63,3640665,48.56,50.055,48.29,515
03/10/2022,49.15,2121343,47.61,49.77,46.8,516
03/11/2022,48.82,2192003,50.56,50.76,48.6,517
03/14/2022,49.6,2467103,49.5,50.81,48.53,518
03/15/2022,51.74,2710769,52.18,53.33,50.54,519
03/16/2022,54.69,2889981,52.38,54.85,52.38,520
03/17/2022,54.32,2009002,53.17,54.55,52.7,521
03/18/2022,55.19,2435108,54.06,55.58,53.58,522
03/21/2022,53.74,2016891,54.54,54.76,53.03,523
03/22/2022,54.53,1738031,54.29,55.17,54.205,524
03/23/2022,54.12,2184821,54.05,54.76,53.8,525
03/24/2022,55.94,2265815,55.4,56,54.255,526
03/25/2022,57.44,2196643,56.53,57.77,56.1,527
03/28/2022,57.19,1931821,57.75,58.11,56.6,528
03/29/2022,58.39,3000041,58.88,59.54,57.4801,529
03/30/2022,58.01,1635363,57.85,58.6,57.39,530
03/31/2022,58.01,1438080,58.17,58.845,57.63,531
04/01/2022,57.95,1601445,58.36,58.76,57.45,532
04/04/2022,57.16,1203721,57.58,57.7948,56.73,533
04/05/2022,56.87,2614547,57.24,57.75,55.77,534
04/06/2022,55.04,2314353,55.4,55.77,53.48,535
04/07/2022,53.4,2139117,54.64,54.64,52.32,536
04/08/2022,52.29,1691375,53.47,53.68,52.19,537
04/11/2022,52.82,1474909,52.25,54.0389,51.91,538
04/12/2022,53.45,1344816,53,53.96,52.53,539
04/13/2022,56.24,2348054,56.34,57,55.04,540
04/14/2022,57.11,1582202,56.68,57.875,56.52,541
04/18/2022,56.85,1269845,56.76,57.47,56.27,542
04/19/2022,58.27,2273369,57.47,58.82,57.1934,543
04/20/2022,58.69,2533381,58.54,59.42,58.46,544
04/21/2022,58.78,4019584,61,61.55,58.425,545
04/22/2022,56.55,3021393,59.34,59.3691,56.33,546
04/25/2022,56.44,2137135,56.04,56.8,55.03,547
04/26/2022,53.86,2646022,55.6,55.7983,53.36,548
04/27/2022,54.29,2398960,53.7,54.9099,52.79,549
04/28/2022,55.54,1722073,55.29,55.72,53.71,550
04/29/2022,54.39,1676910,55.06,56.08,54.18,551
05/02/2022,53.06,2680169,54.13,54.45,51.51,552
05/03/2022,53.06,1752384,53.58,53.78,52.415,553
05/04/2022,53.5,2085747,52.16,53.6,51.74,554
05/05/2022,51.14,1878126,52.51,53.08,50.74,555
05/06/2022,50.22,1577225,51,51.08,49.1,556
05/09/2022,47.27,2302499,49.23,49.5,47.0541,557
05/10/2022,47.47,1888849,47.94,48.47,46.56,558
05/11/2022,45.81,1840896,47.35,48.6,45.66,559
05/12/2022,44.61,2423618,45.24,45.96,43.39,560
05/13/2022,46.15,2044236,45.28,46.4495,45.05,561
05/16/2022,45.6,1224437,45.93,46.4,45.47,562
05/17/2022,48.02,1671015,47.24,48.24,46.7074,563
05/18/2022,46.58,1580290,47.32,48.15,46.39,564
05/19/2022,46.76,1557521,45.95,47.7,45.855,565
05/20/2022,46.1,1428190,47.53,47.73,45.1,566
05/23/2022,46.46,1373533,46.98,47.3,45.85,567
05/24/2022,44.21,1490181,45.63,45.69,43.8,568
05/25/2022,45.16,2227351,44.2,45.76,43.88,569
05/26/2022,47.13,2333080,45.92,47.67,45.92,570
05/27/2022,48.43,1385260,47.31,48.53,47.31,571
05/31/2022,48.26,1818733,47.34,48.765,46.88,572
06/01/2022,46.57,1945293,48.68,48.97,46.0101,573
06/02/2022,47.39,1270579,46.54,47.61,46.45,574
06/03/2022,48.88,3661538,47.02,49.3,46.46,575
06/06/2022,48.85,1417878,49.7,49.78,48.32,576
06/07/2022,49.33,1231257,48.15,49.495,48.0623,577
06/08/2022,48.11,1309150,48.51,49.14,47.79,578
06/09/2022,46.07,1296716,47.51,47.84,46.06,579
06/10/2022,44,2084036,45.2,46.01,43.81,580
06/13/2022,40.93,3072546,42.7,43,40.7,581
06/14/2022,40.6,2137054,41.3,41.505,39.92,582
06/15/2022,41.18,1779588,41.18,42,40.72,583
06/16/2022,38.68,2241518,40,40.09,38.2,584
06/17/2022,40.42,3009512,39.26,40.64,38.185,585
06/21/2022,40.51,1786446,41.24,41.329,39.81,586
06/22/2022,40.37,1304427,40.11,40.94,39.99,587
06/23/2022,39.9,1824407,39.85,40.3,38.87,588
06/24/2022,41.92,1696571,39.92,42.07,39.85,589
06/27/2022,40.87,1514082,42,42.074,40.78,590
06/28/2022,40.78,1244020,41.54,42.82,40.68,591
06/29/2022,40.48,1825367,40.26,40.6202,39.7,592
06/30/2022,40.05,1826682,39.63,40.44,38.58,593
07/01/2022,41.17,1420672,40.25,41.2,39.67,594
07/05/2022,41.54,2168748,40.12,41.65,39.82,595
07/06/2022,41.07,1166727,41.23,42.1896,40.69,596
07/07/2022,40.97,1515371,41.54,41.72,40.38,597
07/08/2022,40.89,1369650,41.08,41.34,40.19,598
07/11/2022,40.34,1172488,40.4,40.88,40.115,599
07/12/2022,41.8,1657366,40.34,42.4,40.34,600
07/13/2022,41.26,1714362,40.55,41.41,40.1,601
07/14/2022,40.79,1695876,40.6,41.65,40.47,602
07/15/2022,41.31,1286486,41.48,41.68,40.475,603
07/18/2022,41.53,2112333,42.06,42.65,41.34,604
07/19/2022,42.79,1372697,42.12,42.87,42.11,605
07/20/2022,43.4,2016547,42.78,43.78,42.27,606
07/21/2022,43.19,2589761,43.57,43.61,42.01,607
07/22/2022,42.75,1580501,43.51,43.88,42.55,608
07/25/2022,43.74,2442802,42.915,43.835,42.48,609
07/26/2022,42.4,1300803,43.24,43.24,42.34,610
07/27/2022,43.79,1166299,43.25,44.0401,42.67,611
07/28/2022,44.01,1594080,43.22,44.06,42.46,612
07/29/2022,44.33,1753325,43.69,44.51,43.59,613
08/01/2022,45.24,1622398,44.18,45.645,43.82,614
08/02/2022,44.5,1499744,44.56,45.0569,43.94,615
08/03/2022,46.3,1211039,44.89,46.385,44.78,616
08/04/2022,46.92,1339200,46.3,46.93,46.03,617
08/05/2022,46.55,851320,46.35,46.96,46.165,618
08/08/2022,46.8,1419750,46.84,47.53,46.46,619
08/09/2022,45.73,956832,46.51,46.7,45.44,620
08/10/2022,46.61,990660,46.85,47.365,46.58,621
08/11/2022,46.23,1275539,47.14,47.64,46.11,622
08/12/2022,47.34,1364974,46.81,47.35,46.425,623
08/15/2022,48.45,1209656,47.16,48.76,47.16,624
08/16/2022,48.24,1435717,48.41,48.61,47.82,625
08/17/2022,46.64,1002504,47.28,47.6099,46.45,626
08/18/2022,46.69,983547,46.56,46.74,46.03,627
08/19/2022,45.45,1148394,46,46.25,45.22,628
08/22/2022,44.19,1224306,44.43,44.88,43.72,629
08/23/2022,44.5,1239652,44.37,44.9,43.96,630
08/24/2022,45.41,977352,44.66,45.505,44.5,631
08/25/2022,46.2,885451,45.72,46.7,45.58,632
08/26/2022,44.89,911140,46.26,46.5,44.82,633
08/29/2022,44.64,973889,44.27,45.03,44.24,634
08/30/2022,44.87,1729250,45.19,45.37,44.3,635
08/31/2022,43.56,1317735,45.08,45.1148,43.51,636
09/01/2022,43.69,1487124,43.18,43.71,42.24,637
09/02/2022,43.62,1127927,44.26,44.64,43.28,638
09/06/2022,43.9,1552219,44.02,44.53,43.4,639
09/07/2022,46.09,2008684,43.99,46.13,43.99,640
09/08/2022,45.69,1563441,45.27,46.315,45.09,641
09/09/2022,46.56,1368800,46.15,46.64,46.07,642
09/12/2022,46.82,1229221,46.97,47.41,46.48,643
09/13/2022,44.94,1392274,45.32,46.02,44.74,644
09/14/2022,45.96,1282120,44.73,46.015,44.12,645
09/15/2022,46.26,1776422,45.88,46.91,45.7986,646
09/16/2022,44.38,2120388,45.46,45.46,44.24,647
09/19/2022,45.78,1659420,44.15,46.085,44.1,648
09/20/2022,45.33,1002606,45.55,45.9,44.79,649
09/21/2022,43.49,1748368,44.93,45.05,43.47,650
09/22/2022,41.88,1848935,43.4,43.4,41.34,651
09/23/2022,40.78,1672041,41.15,41.34,40.1,652
09/26/2022,38.81,2577860,40.49,40.98,38.75,653
09/27/2022,39.05,1839394,39.56,40.06,38.44,654
09/28/2022,40.35,1701796,39,40.59,38.65,655
09/29/2022,39.14,1375304,39.53,39.7,38.71,656
09/30/2022,39.15,1409442,38.83,39.8,38.83,657
10/03/2022,39.91,1380273,39.35,40.2,38.72,658
10/04/2022,42.65,1586532,41.38,42.68,41.23,659
10/05/2022,42.66,1149799,41.76,42.935,41.4943,660
10/06/2022,42.46,1031477,42.36,42.94,41.86,661
10/07/2022,41.49,830959,41.92,42.04,40.89,662
10/10/2022,41.18,862476,41.68,41.91,40.885,663
10/11/2022,40.74,1510743,42.41,42.5,39.87,664
10/12/2022,41.21,1241166,40.34,41.55,39.87,665
10/13/2022,41.9,1480249,40.83,42.62,40.14,666
10/14/2022,41.83,1221473,42.86,43.09,41.69,667
10/17/2022,41.53,1542540,42.96,43,41.5,668
10/18/2022,42.34,1603687,42.41,42.86,41.89,669
10/19/2022,41.85,3404547,43.06,43.06,41.51,670
10/20/2022,39.88,4302144,41.39,41.63,39.46,671
10/21/2022,41.01,2551493,39.71,41.37,39.46,672
10/24/2022,42.58,2010574,41.42,42.78,40.94,673
10/25/2022,43.41,1749017,42.23,43.81,42.09,674
10/26/2022,42.86,1548420,43.43,44.2,42.78,675
10/27/2022,43.27,1375670,43.57,44.2,43.235,676
10/28/2022,44.43,1228648,43.32,44.44,43.12,677
10/31/2022,44.46,1288731,44.31,44.78,43.79,678
11/01/2022,44.52,1168519,45.05,45.2,44.4,679
11/02/2022,43.56,2198668,44.09,45.07,43.54,680
11/03/2022,43.84,1360450,42.88,44.16,42.34,681
11/04/2022,44.86,1213966,44.7,45.395,44.04,682
11/07/2022,45.04,1128714,45.4,45.5,44.13,683
11/08/2022,45.12,1093532,45.06,45.48,44.69,684
11/09/2022,44.24,1020999,44.66,45.13,44.13,685
11/10/2022,46.94,1795495,45.66,47.14,45.44,686
11/11/2022,47.25,1298332,47.21,47.6,46.6,687
11/14/2022,46.27,1119706,46.66,47.57,46.21,688
11/15/2022,46.85,1483901,46.92,47.67,46.42,689
11/16/2022,45.68,991782,46.4,46.4,45.49,690
11/17/2022,45.88,715325,44.88,45.88,44.6804,691
11/18/2022,46.68,1056999,46.85,47.47,45.95,692
11/21/2022,46.3,1110821,46.51,47.21,46.14,693
11/22/2022,45.96,953845,46.29,46.58,45.74,694
11/23/2022,46.34,941702,46,46.63,45.9,695
11/25/2022,46.9,484320,46.25,47.22,46.25,696
11/28/2022,45.78,1202026,46.47,46.73,45.685,697
11/29/2022,46.63,1390460,45.94,46.7189,45.82,698
11/30/2022,47.44,1005669,46.6,47.45,46.06,699
12/01/2022,47.41,878681,47.58,47.99,47.315,700
12/02/2022,46.7,1020958,46.83,46.9001,46.495,701
12/05/2022,46.71,1049476,46.9,47.4543,46.54,702
12/06/2022,46.3,1292165,46.83,47.29,45.68,703
12/07/2022,44.28,948400,45.89,45.9,44.26,704
12/08/2022,44.06,1217683,44.67,45.04,43.7068,705
12/09/2022,44.56,1201354,43.76,44.68,43.72,706
12/12/2022,45.75,1095002,44.59,45.76,44.38,707
12/13/2022,45.28,2195760,47.2,47.5,44.425,708
12/14/2022,45.74,1539959,45.81,46.44,45.13,709
12/15/2022,43.73,1822951,45.12,45.29,43.56,710
12/16/2022,44.22,3204886,43.41,44.51,43.27,711
12/19/2022,42.9,1457025,44.23,44.59,42.88,712
12/20/2022,43.07,1135745,42.89,43.55,42.84,713
12/21/2022,43.86,1127342,43.67,44.3,43.5,714
12/22/2022,42.88,1141459,43.41,43.63,42.11,715
12/23/2022,43.31,970316,42.86,43.455,42.605,716
12/27/2022,42.26,1878349,42.87,43.02,41.88,717
12/28/2022,41.3,1681846,42.04,42.58,41.29,718
12/29/2022,42.81,1374648,41.49,42.82,41.41,719
12/30/2022,42.94,967646,42.42,43.05,42.37,720
01/03/2023,42.16,1512033,43.52,43.72,41.77,721
01/04/2023,44.3,1414559,42.59,44.63,42.44,722
01/05/2023,44.11,1157460,43.87,44.3253,43.61,723
01/06/2023,45.28,1238385,44.06,45.37,43.87,724
01/09/2023,45.72,1217622,45.5,46.175,45.36,725
01/10/2023,47.3,1348651,45.49,47.365,45.44,726
01/11/2023,47.7,1246891,47.12,48.05,47,727
01/12/2023,49.4,1592364,48.46,49.465,47.98,728
01/13/2023,50.29,2466330,48.11,50.33,48.05,729
01/17/2023,50.3,1425125,50.22,50.535,49.87,730
01/18/2023,49.31,1747839,51.27,51.4645,49.29,731
01/19/2023,49.4,1300987,48.66,49.52,48.08,732
01/20/2023,49.82,1162042,49.73,50.23,49.33,733
01/23/2023,50.1,961642,50,50.38,49.664,734
01/24/2023,49.73,1183393,49.8,50.72,49.64,735
01/25/2023,51.05,2365383,49.5,51.1,49.41,736
01/26/2023,51.32,3012143,51.22,51.81,49.88,737
01/27/2023,51.02,2094752,50.76,51.5,50.5,738
01/30/2023,50.16,1112458,50.58,51.58,50.03,739
01/31/2023,51.34,1371797,50.33,51.35,50.08,740
02/01/2023,51.84,1478857,50.95,52.105,50.58,741
02/02/2023,53.58,1791090,52.1,53.87,51.96,742
02/03/2023,53.47,1421281,53,53.9614,52.8,743
02/06/2023,52.43,1233390,52.84,53.04,52.015,744
02/07/2023,51.8,1187737,52.2,52.4299,50.74,745
02/08/2023,51.49,1004671,51.68,52.02,51.1706,746
02/09/2023,50.76,887078,51.9,52.04,50.52,747
02/10/2023,49.58,926263,50,50.07,49.23,748
02/13/2023,50.16,782131,49.65,50.45,49.39,749
02/14/2023,50.58,974816,50.03,50.89,49.67,750
02/15/2023,50.27,835734,50.02,50.48,49.9,751
02/16/2023,49.12,934815,49.53,49.76,49.07,752
02/17/2023,49.09,859538,49.09,49.495,48.64,753
02/21/2023,47.78,1081468,48.5,48.735,47.41,754
02/22/2023,47.52,992739,47.71,48.29,47.23,755
02/23/2023,47.71,763453,48.14,48.44,47.37,756
02/24/2023,47.3,1302312,46.92,47.315,46.27,757
02/27/2023,47.92,1420579,47.94,48.369,47.72,758
02/28/2023,47.83,1585842,47.83,48.24,47.55,759
03/01/2023,48.22,1235973,47.73,48.48,47.43,760
03/02/2023,47.98,981906,47.78,48.19,47.32,761
03/03/2023,48.44,1473861,48.52,48.64,47.85,762
03/06/2023,47.9,1479658,48.55,49.179,47.87,763
03/07/2023,48.51,1481115,48.08,49.39,47.92,764
03/08/2023,49.21,1212407,48.72,49.25,48.38,765
03/09/2023,47.52,1329704,49.11,49.75,47.17,766
03/10/2023,46.1,2668886,48.53,48.78,45.68,767
03/13/2023,44.08,2229747,45.02,45.2,43.69,768
03/14/2023,42.26,3293240,45.09,45.35,41.765,769
03/15/2023,40.38,2807109,41.02,41.36,39.97,770
03/16/2023,40.48,2039450,40.03,40.69,39.7,771
03/17/2023,39.29,2577911,40.24,40.32,39.05,772
03/20/2023,39.27,1878700,39.33,39.9,39.065,773
03/21/2023,40.56,1835629,40,40.67,39.905,774
03/22/2023,39.4,1827787,40.6,40.95,39.35,775
03/23/2023,38.5,1548992,39.64,40.035,38.15,776
03/24/2023,38.13,2590753,38,38.22,37.195,777
03/27/2023,38.99,1619755,38.69,39.2,38.2197,778
03/28/2023,39.81,1576986,39.07,39.86,39.04,779
03/29/2023,40.63,2121992,40.35,40.88,40.12,780
03/30/2023,40.98,1750245,41.16,41.48,40.735,781
03/31/2023,41.96,1288835,41.46,41.97,41.39,782
04/03/2023,42.09,2321015,42.26,42.48,41.47,783
04/04/2023,41.97,2071319,42.35,42.5,41.485,784
04/05/2023,41.95,1838588,41.5,41.97,41.245,785
04/06/2023,42.04,1674163,42.165,42.74,41.85,786
04/10/2023,42.43,1279337,41.88,42.64,41.75,787
04/11/2023,43.18,1576206,42.48,43.51,42.47,788
04/12/2023,41.98,3016077,42.91,43.14,41.53,789
04/13/2023,42.38,2404192,42.62,42.63,41.28,790
04/14/2023,41.91,1403288,42.43,42.6,41.45,791
04/17/2023,42.64,1268004,42,42.68,41.92,792
04/18/2023,42.55,2112719,42.85,42.85,42.18,793
04/19/2023,43.65,3274040,42.06,43.81,42.04,794
04/20/2023,43.56,3307461,43.63,44.39,42.98,795
04/21/2023,44.41,2053069,44.09,44.64,43.69,796
04/24/2023,44.05,2006990,44.74,44.87,43.3801,797
04/25/2023,42.5,1789097,43.65,43.84,42.46,798
04/26/2023,42.24,1417891,42.41,42.825,42.1113,799
04/27/2023,42.97,1550475,42.46,43.225,42.035,800
04/28/2023,43.46,1894071,43.09,44.07,43.02,801
05/01/2023,43.49,1197468,43.33,44.22,43.14,802
05/02/2023,43.37,1724121,43.06,43.42,42.13,803
05/03/2023,43.47,1574055,43.45,44.4,43.11,804
05/04/2023,42.09,1824563,43.16,43.295,41.69,805
05/05/2023,43.16,1366231,42.58,43.39,42.4,806
05/08/2023,43.46,1394257,43.33,43.665,42.93,807
05/09/2023,43.9,1506897,43.45,44.2,43.0662,808
05/10/2023,43.11,1225592,44.63,44.66,42.47,809
05/11/2023,43.05,1276436,43.02,43.25,42.68,810
05/12/2023,42.72,1043473,43.21,43.26,42.27,811
05/15/2023,43.34,1287841,42.86,43.39,42.63,812
05/16/2023,42.64,1337380,43.17,43.305,42.57,813
05/17/2023,45.25,2223445,43.16,45.33,43.1,814
05/18/2023,45.12,1231776,45.25,45.51,44.715,815
05/19/2023,44.52,1007898,45.25,45.3,44.14,816
05/22/2023,44.92,1367799,44.8,45.12,44.264,817
05/23/2023,44.83,1135886,44.86,45.81,44.75,818
05/24/2023,44.03,1087239,44.38,44.525,43.35,819
05/25/2023,45.12,1215831,44.08,45.14,44,820
05/26/2023,45.1,1098936,45.3,45.755,45.02,821
05/30/2023,45.21,1430358,45.3,45.99,45.08,822
05/31/2023,44.93,1484919,45.75,45.75,44.425,823
06/01/2023,44.84,1020913,45.09,45.3,44.36,824
06/02/2023,46.1,1274651,45.43,46.485,45.21,825
06/05/2023,46.28,766543,46.04,46.33,45.5101,826
06/06/2023,47.46,1093027,45.98,47.535,45.8,827
06/07/2023,48.36,1172160,47.74,48.41,47.49,828
06/08/2023,48.65,1131758,48.09,48.87,48.05,829
06/09/2023,48.65,2033025,48.82,49.275,48.65,830
06/12/2023,49.58,1147865,49.1,50,49.03,831
06/13/2023,50.82,2024750,49.79,50.82,49.75,832
06/14/2023,50.44,1515948,50.9,51.02,50.015,833
06/15/2023,50.34,1466123,50.06,50.38,49.755,834
06/16/2023,50.42,1688629,50.64,50.985,50.06,835
06/20/2023,49.51,1366575,49.96,50.155,49.325,836
06/21/2023,49.58,1288169,49.34,49.835,49.02,837
06/22/2023,49.67,1611155,49.21,49.79,48.78,838
06/23/2023,49.25,2434231,48.75,49.89,48.63,839
06/26/2023,49.96,961912,49.72,50.3,49.05,840
06/27/2023,51.93,1560492,50.35,52.28,50.14,841
06/28/2023,52.44,1224049,52.13,52.51,51.83,842
06/29/2023,52.27,1291716,52.57,53.09,52.135,843
06/30/2023,53.18,1555282,52.54,53.4,52.2343,844
07/03/2023,53.19,636720,53.07,53.74,52.96,845
07/05/2023,53.65,1517694,52.92,54.29,52.5,846
07/06/2023,52.79,938246,53.18,53.32,52.26,847
07/07/2023,53.75,1643288,52.97,54.47,52.81,848
07/10/2023,55.55,1941074,53.75,55.57,53.75,849
07/11/2023,56.34,1468382,55.61,56.485,55.4787,850
07/12/2023,55.99,1984039,56.76,57.1,55.76,851
07/13/2023,54.34,2856907,57.15,57.179,54.29,852
07/14/2023,52.36,2090580,54.06,54.06,52.06,853
07/17/2023,52.16,1227757,52.22,52.6303,51.77,854
07/18/2023,53.42,1210588,52.42,53.45,52.41,855
07/19/2023,54.43,1477679,53.26,54.47,52.83,856
07/20/2023,54.08,1616623,54.09,54.2,52.73,857
07/21/2023,54.15,1040787,54.36,54.66,53.76,858
07/24/2023,53.33,2070858,53.65,53.935,53.2,859
07/25/2023,48.18,9779875,50.36,50.55,46.45,860
07/26/2023,47.86,3409658,48.06,48.43,47.13,861
07/27/2023,47.14,3422894,47.3,47.53,46.605,862
07/28/2023,48.12,1843660,47.45,48.475,47.34,863
07/31/2023,48.63,1476379,48.1,48.71,48.04,864
08/01/2023,47.9,2196594,48,48.2299,47.17,865
08/02/2023,47.92,2069281,47.15,48.12,47.12,866
08/03/2023,46.81,1878262,47.49,47.56,46.62,867
08/04/2023,46.74,1731251,46.94,47.25,46.5,868
08/07/2023,46.79,1915482,46.77,47.22,46.1,869
08/08/2023,47.2,1217074,46.2,47.37,46.03,870
08/09/2023,46.61,1065321,47,47.15,46.24,871
08/10/2023,46.71,1488480,46.93,47.06,46.11,872
08/11/2023,46.08,1062125,46.49,46.59,45.9501,873
08/14/2023,46.24,868149,45.81,46.3676,45.46,874
08/15/2023,45.41,1319686,45.86,45.875,45.19,875
08/16/2023,44.59,1151389,45.29,45.92,44.54,876
08/17/2023,43.46,1337955,44.55,44.65,43.3,877
08/18/2023,42.77,1694287,43,43.465,42.695,878
08/21/2023,42.95,1986977,42.94,43.21,42.33,879
08/22/2023,42.73,1277947,43.1,43.27,42.4335,880
08/23/2023,42.65,1125911,42.5,42.95,42.1656,881
08/24/2023,42.12,1605633,42.26,42.77,42.045,882
08/25/2023,41.82,1145367,42.18,42.33,41.55,883
08/28/2023,41.99,1045321,42.13,42.44,41.7301,884
08/29/2023,42.3,1648015,41.95,42.55,41.75,885
08/30/2023,42.08,1717215,42.27,42.625,41.97,886
08/31/2023,41.97,1360057,42.41,42.44,41.94,887
09/01/2023,41.78,1204267,42.26,42.43,41.456,888
09/05/2023,40.34,2679295,41.18,41.23,40.12,889
09/06/2023,40.54,2354785,39.94,41.39,39.92,890
09/07/2023,40.02,2549734,40.34,40.575,39.72,891
09/08/2023,39.81,2058266,40.07,40.19,39.29,892
09/11/2023,40.43,1853677,39.93,40.67,39.5,893
09/12/2023,40.11,1977581,40.52,40.89,40.06,894
09/13/2023,39.13,2599141,39.25,39.59,38.65,895
09/14/2023,39.36,1474961,39.41,39.49,38.87,896
09/15/2023,39.47,3043537,39.44,39.92,39.19,897
09/18/2023,38.88,2024599,39.34,39.44,38.76,898
09/19/2023,39.08,1706842,38.9,39.24,38.56,899
09/20/2023,38.61,1307760,39.31,39.3999,38.56,900
09/21/2023,38.15,1775724,38.45,38.84,38.105,901
09/22/2023,37.5,1801147,38.19,38.3,37.35,902
09/25/2023,37.36,1692509,37.25,37.57,36.74,903
09/26/2023,36.84,1487197,37.08,37.74,36.77,904
09/27/2023,36.41,1591387,36.82,36.9599,36.15,905
09/28/2023,36.83,1784282,36.43,37.23,36.19,906
09/29/2023,37.08,1522920,37.1,37.4299,36.8321,907
10/02/2023,36.83,1630790,37.04,37.335,36.595,908
10/03/2023,35.8,2505483,36.67,36.78,35.58,909
10/04/2023,36.13,2362568,35.9,36.51,35.52,910
10/05/2023,35.68,2545319,36.43,36.51,35.42,911
10/06/2023,35.07,2645802,35.4,35.8195,34.97,912
10/09/2023,34.45,2995802,34.15,34.63,33.31,913
10/10/2023,34.93,1578900,34.89,35.4286,34.6201,914
10/11/2023,34.55,1590385,35,35.48,34.19,915
10/12/2023,33.64,2398977,34.84,34.84,33.28,916
10/13/2023,33.07,2154745,33.29,33.46,32.82,917
10/16/2023,34.3,2449119,33.33,34.385,33.16,918
10/17/2023,34.45,1819143,34.25,34.79,34.18,919
10/18/2023,32.66,4500758,33.92,33.945,32.6,920
10/19/2023,32.16,4916999,33.1,33.1,31.73,921
10/20/2023,32.02,3180673,32.08,32.44,31.86,922
10/23/2023,32.56,4202290,32.1,33.4,31.91,923
10/24/2023,31.86,3045026,32.59,32.74,31.63,924
10/25/2023,31.62,1839190,31.71,31.97,31.48,925
10/26/2023,31.77,3191307,31.61,32.22,31.16,926
10/27/2023,31.25,2099262,31.95,31.95,31.03,927
10/30/2023,31.8,2265652,31.56,31.81,31.245,928
10/31/2023,31.63,2360137,31.71,31.8,31.09,929
11/01/2023,31.08,2342464,31.62,31.67,30.75,930
11/02/2023,32.12,2332646,31.55,32.15,31.44,931
11/03/2023,33.56,3087989,32.91,33.81,32.83,932
11/06/2023,32.84,1885451,33.58,33.74,32.51,933
11/07/2023,33.16,1702135,33.02,33.36,32.67,934
11/08/2023,33.92,2588109,33.36,34.18,33.3461,935
11/09/2023,33.5,2793300,34.2,34.3,33.1087,936
11/10/2023,34.26,2980873,33.53,34.4,33.395,937
11/13/2023,34.35,1963445,34,34.675,33.73,938
11/14/2023,36.09,2868512,35.28,36.275,35.02,939
11/15/2023,37.01,3075872,36.33,37.775,36.32,940
11/16/2023,36.2,2259767,36.92,37.365,36.09,941
11/17/2023,36.76,2396894,36.63,36.95,36.215,942
11/20/2023,37.31,1886504,36.65,37.53,36.45,943
11/21/2023,36.66,1407520,36.99,37.04,36.311,944
11/22/2023,36.93,1427402,37.49,37.975,36.74,945
11/24/2023,37.2,568452,37.06,37.3,36.82,946
11/27/2023,36.84,1714204,36.83,37.22,36.68,947
11/28/2023,36.85,1172009,36.7,36.955,36.31,948
11/29/2023,37.54,2017320,37.22,37.7366,37.18,949
11/30/2023,37.81,1999684,37.79,37.98,37.23,950
12/01/2023,39.73,2610784,37.93,39.855,37.9,951
12/04/2023,34.08,22669440,33.67,34.278,32,952
12/05/2023,35.57,9842463,34.3,35.91,34.29,953
12/06/2023,35.67,6042774,36,37.2399,35.61,954
12/07/2023,35.97,6061770,36,36.32,35.025,955
12/08/2023,35.61,4252258,35.96,36.08,35.415,956
12/11/2023,35.75,3467713,35.65,36.06,35,957
12/12/2023,37.31,4304960,36,37.715,35.73,958
12/13/2023,38.63,4664915,36.9,38.65,36.22,959
12/14/2023,39.16,4972813,39.2,39.32,38.35,960
12/15/2023,38.95,33770610,38.94,39.25,38.43,961
12/18/2023,39.27,3542001,38.45,39.52,38.01,962
12/19/2023,40.2,4155823,39.5,40.585,39.29,963
12/20/2023,40.09,3427369,40,41.1,39.8,964
12/21/2023,40.59,2966534,40.67,41.06,40.4131,965
12/22/2023,40.68,2276571,40.5,41.13,40.45,966
12/26/2023,40.16,2698645,40.5,41.22,40.145,967
12/27/2023,39.67,1967408,40.02,40.26,39.64,968
12/28/2023,39.92,1914365,39.33,39.9595,39.2,969
12/29/2023,39.07,2097906,39.6,39.84,38.975,970
01/02/2024,38.34,2130166,38.69,39.2,38.26,971
01/03/2024,36.42,2376400,37.44,37.77,36.3,972
01/04/2024,36.81,1919407,36.68,37.25,36.56,973
01/05/2024,37.95,2550220,36.59,38.16,36.47,974
01/08/2024,37.87,8180806,36.09,38.095,35.58,975
01/09/2024,37.37,4444874,38.25,38.61,37.32,976
01/10/2024,37.06,2913038,37.1,37.27,36.74,977
01/11/2024,36.99,2211145,36.99,37.25,36.41,978
01/12/2024,35.17,4431968,36.04,36.24,34.395,979
01/16/2024,34.42,4061252,34.8,34.855,33.765,980
01/17/2024,33.61,2471794,33.96,34.35,33.24,981
01/18/2024,34.96,2855381,33.74,34.97,33.5,982
01/19/2024,34.84,1861762,34.97,35,34.18,983
01/22/2024,34.83,2065402,35.27,35.55,34.775,984
01/23/2024,35.83,2775196,35.98,36.66,35.63,985
01/24/2024,35.82,2685730,36.25,36.39,35.6,986
01/25/2024,37.42,5021673,36.8,37.96,36.28,987
01/26/2024,36.77,2692220,37.13,37.3175,36.64,988
01/29/2024,37.22,2484516,36.8,37.25,36.125,989
01/30/2024,36.69,1616283,36.74,37.24,36.69,990
01/31/2024,35.83,2165622,36.56,36.69,35.72,991
02/01/2024,36.26,1613285,36.11,36.42,35.31,992
02/02/2024,36.13,1884412,36.03,36.59,35.97,993
02/05/2024,35.28,1904496,35.54,35.82,35.1,994
02/06/2024,35.99,2353920,35.24,36.45,35.15,995
02/07/2024,35.6,1892577,36.01,36.21,35.54,996
02/08/2024,36.51,2120129,35.74,36.54,35.32,997
02/09/2024,37.19,2244155,36.47,37.25,36.338,998
02/12/2024,37.33,1781228,36.77,37.67,36.695,999
02/13/2024,36.57,1808043,36.47,37.02,36.13,1000
02/14/2024,37.3,1490532,37.03,37.395,36.765,1001
02/15/2024,37.75,1807022,37.59,38.035,37.495,1002
02/16/2024,37.52,1952100,37.35,37.99,36.75,1003
02/20/2024,38.92,3538983,38.13,39.69,38.07,1004
02/21/2024,39.18,1844079,38.47,39.24,38.31,1005
02/22/2024,39.38,2091850,39.35,40.4899,39.245,1006
02/23/2024,38.65,1874965,39.13,39.15,38.475,1007
02/26/2024,37.71,2447387,38.68,38.97,37.625,1008
02/27/2024,38.5,1894404,38.18,38.85,37.99,1009
02/28/2024,38.08,1256345,37.91,38.54,37.91,1010
02/29/2024,37.39,2646904,38.08,38.4,37.125,1011
03/01/2024,37,1946820,37.37,37.43,36.78,1012
03/04/2024,36.87,2135390,36.92,37.329,36.22,1013
03/05/2024,37.21,1405573,36.35,37.28,36.25,1014
03/06/2024,36.96,1493870,37.32,37.61,36.885,1015
03/07/2024,37.28,2564219,37.01,37.3679,36.65,1016
03/08/2024,36.59,1963650,37.55,37.62,36.295,1017
03/11/2024,37.36,2116587,36.5,37.43,36,1018
03/12/2024,38.61,4277180,37.54,38.86,37.27,1019
03/13/2024,39.37,2963781,38.42,39.37,38.09,1020
03/14/2024,38.16,2171235,39.18,39.28,37.98,1021
03/15/2024,38.18,2907024,38.17,38.59,37.78,1022
03/18/2024,38.21,1970870,38.18,38.4,37.575,1023
03/19/2024,37.82,1835512,38.12,38.44,37.74,1024
03/20/2024,38.78,2180228,37.89,38.79,37.665,1025
03/21/2024,39.76,2569293,39.09,39.88,38.73,1026
03/22/2024,39.56,1262465,39.8,39.96,39.42,1027
03/25/2024,39.68,1556254,39.4,39.76,39.155,1028
03/26/2024,39.87,2095343,39.87,40.4408,39.6903,1029
03/27/2024,42.01,3014482,40.2,42.245,40.09,1030
03/28/2024,42.99,3311004,42.03,43.265,41.9696,1031
04/01/2024,43.07,3213278,43.4,43.96,43.01,1032
04/02/2024,42.06,2062274,42.25,42.265,41.54,1033
04/03/2024,41.88,1855455,42,42.19,41.42,1034
04/04/2024,41.76,3715698,42.13,44.29,41.63,1035
04/05/2024,42.48,2763525,41.69,42.64,41.44,1036
04/08/2024,42.58,2114145,42.72,43.54,42.5,1037
04/09/2024,43.01,1814184,42.86,43.18,42.4,1038
04/10/2024,41.96,2318063,42.63,43.265,41.55,1039
04/11/2024,42.67,1828350,42.1,42.72,41.765,1040
04/12/2024,41.3,1861849,41.91,42.02,41.05,1041
04/15/2024,40.98,1866020,41.535,42.025,40.675,1042
04/16/2024,40.8,1942339,40.79,41.24,40.065,1043
04/17/2024,42.72,4534134,41.78,42.9499,41.3006,1044
04/18/2024,44.44,5593443,44.12,45.76,43.24,1045
04/19/2024,45.01,3135383,44.77,45.75,44.64,1046
04/22/2024,45.53,2634783,45.24,46.15,45.07,1047
04/23/2024,45.08,2105353,44.68,46.12,44.6,1048
04/24/2024,44.23,1992437,44.88,45.02,43.915,1049
04/25/2024,44.55,2790290,43.7,44.795,42.9589,1050
04/26/2024,43.96,2032417,44.67,44.7362,43.4133,1051
04/29/2024,44.09,1609394,43.86,44.435,43.8,1052
04/30/2024,43.02,1671829,43.7,44.13,42.975,1053
05/01/2024,42.18,1675147,42.99,43.11,42.11,1054
05/02/2024,42.7,1992528,42.9,42.9,42.2,1055
05/03/2024,42.68,1858545,43,43.2,42.61,1056
05/06/2024,43.85,1451835,43.03,44.3,42.63,1057
05/07/2024,43.17,1352454,43.55,43.87,43.04,1058
05/08/2024,43.29,1171580,42.95,43.47,42.79,1059
05/09/2024,43.86,1791974,43.15,43.88,42.76,1060
05/10/2024,43.76,1202498,43.99,44.22,43.31,1061
05/13/2024,43.87,1767264,43.77,44.74,43.77,1062
05/14/2024,43.78,1209643,44,44.42,43.59,1063
05/15/2024,43.48,1155311,43.91,44.005,43.29,1064
05/16/2024,43.28,1167279,43.6,43.745,43.02,1065
05/17/2024,43.29,1686948,43.68,44.18,43.205,1066
05/20/2024,43.89,1392791,43.22,44.13,43.22,1067
05/21/2024,43.75,1216753,43.75,44.01,43.59,1068
05/22/2024,43.6,1133079,43.71,44.265,43.3726,1069
05/23/2024,42.35,1581265,43.82,43.82,41.94,1070
05/24/2024,42.7,1018356,42.62,42.8924,42.3,1071
05/28/2024,41.74,1322120,42.53,42.6,41.52,1072
05/29/2024,40.65,2842163,40.61,41.33,39.2,1073
05/30/2024,41.18,1590229,40.74,41.34,40.53,1074
05/31/2024,42.02,1891084,41.56,42.1,41.37,1075
06/03/2024,41.93,1644108,42.58,42.86,41.78,1076
06/04/2024,41.76,1805671,41.65,42.447,41.56,1077
06/05/2024,41.45,1368977,41.85,41.9599,41.33,1078
06/06/2024,40.98,1204797,41.45,42.02,40.91,1079
06/07/2024,40.74,2090022,40.56,40.92,40.5,1080
06/10/2024,41.35,2701298,40.46,41.38,40.01,1081
06/11/2024,40.24,1024300,41.12,41.12,40.09,1082
06/12/2024,41.51,1649101,40.65,42.03,40.65,1083
06/13/2024,41.01,1744670,41.42,41.42,40.44,1084
06/14/2024,40.33,1969698,40.33,40.48,39.21,1085
06/17/2024,41.15,1524952,40.08,41.25,39.92,1086
06/18/2024,41.51,1486961,41.24,41.58,40.65,1087
06/20/2024,41.34,1272263,41.27,41.9206,41.122,1088
06/21/2024,41.18,2201671,41.33,41.335,40.73,1089
06/24/2024,41.81,1275227,41.45,41.98,41.19,1090
06/25/2024,40.82,1332060,41.84,41.86,40.76,1091
06/26/2024,40.68,1541088,40.17,40.92,39.68,1092
06/27/2024,40.76,1548284,40.47,41.02,40.465,1093
06/28/2024,40.4,2179980,41,41.06,40.11,1094
07/01/2024,40.09,1549464,40.57,40.62,39.45,1095
07/02/2024,39.73,1898344,40.06,40.195,39.38,1096
07/03/2024,40.29,980701,40,40.29,39.55,1097
07/05/2024,38.33,2395820,39.7,39.78,38.3,1098
07/08/2024,38.17,1396870,38.62,38.91,38.135,1099
07/09/2024,37.39,2945327,37.93,38.09,37.26,1100
07/10/2024,37.07,2494479,37.94,38.01,36.98,1101
07/11/2024,37.91,2625585,35.74,37.94,35.31,1102
07/12/2024,38.41,2325671,38,38.45,37.61,1103
07/15/2024,38.45,2178144,38.51,38.85,38.05,1104
07/16/2024,40.5,2127739,38.57,40.65,38.51,1105
07/17/2024,40.03,2462069,39.9,40.54,39.73,1106
07/18/2024,37.25,5556682,38.48,39.05,36.68,1107
07/19/2024,37.93,3102621,36.98,38.18,36.58,1108
07/22/2024,38.73,2292499,37.49,38.88,37.2702,1109
07/23/2024,38.06,3856799,39.11,39.265,37.93,1110
07/24/2024,37.84,1739945,38.07,38.82,37.755,1111
07/25/2024,38.68,1929701,37.76,39.11,37.74,1112
07/26/2024,39.46,1640131,39.19,39.64,38.6101,1113
07/29/2024,38.77,1585975,39.58,39.635,38.66,1114
07/30/2024,38.53,2100271,39.02,39.59,38.48,1115
07/31/2024,37.53,2662921,38.58,38.75,37.465,1116
08/01/2024,36.34,1953752,37.74,38,36.005,1117
08/02/2024,34.53,2056431,35.39,35.56,34.48,1118
08/05/2024,32.92,2560029,32.75,33.6,32.675,1119
08/06/2024,33.6,2883206,33.22,34.08,32.621,1120
08/07/2024,33.5,1622528,34.18,34.395,33.41,1121
08/08/2024,34.56,1446028,33.74,34.6,33.74,1122
08/09/2024,34.68,1753251,34.62,34.895,34.43,1123
08/12/2024,34.59,1721948,34.62,34.9775,34.48,1124
08/13/2024,35.49,2271763,34.75,35.615,34.6,1125
08/14/2024,34.77,1773064,35.63,35.77,34.7,1126
08/15/2024,35.3,2981539,35.51,35.91,35.05,1127
08/16/2024,34.78,2506511,35.13,35.455,34.76,1128
08/19/2024,34.96,1687132,35.05,35.14,34.82,1129
08/20/2024,34.97,3991523,35,35.24,34.65,1130
08/21/2024,34.99,2219439,35.18,35.29,34.84,1131
08/22/2024,34.53,2066105,34.91,35,34.44,1132
08/23/2024,35.72,2164297,34.71,35.86,34.6,1133
08/26/2024,35.28,2583368,35.86,36.11,35.27,1134
08/27/2024,35.78,2481313,35.43,36.02,35.07,1135
08/28/2024,35.75,2138477,35.83,36.0997,35.389,1136
08/29/2024,35.8,1722818,35.91,36.18,35.67,1137
08/30/2024,36.11,1956677,35.94,36.28,35.845,1138
09/03/2024,35.9,1969088,35.85,36.55,35.76,1139
09/04/2024,36.12,1494139,35.78,36.59,35.77,1140
09/05/2024,37.82,4269818,36.44,39.24,36.44,1141
09/06/2024,37.59,1761058,37.68,38.26,37,1142
09/09/2024,39.8,3291214,38.07,39.84,37.84,1143
09/10/2024,39.8,2338193,39.98,40,39.15,1144
09/11/2024,39.49,1613357,39.8,39.825,38.99,1145
09/12/2024,39.95,3700879,40.94,40.94,38.97,1146
09/13/2024,41.64,3824813,40.99,42.05,40.62,1147
09/16/2024,41.34,1693096,41.68,41.76,41.07,1148
09/17/2024,40.98,2986839,41.96,42.28,40.79,1149
09/18/2024,39.76,3442575,41.08,41.12,39.64,1150
09/19/2024,39.56,2475665,40.63,40.9148,39.38,1151
09/20/2024,40.02,3347387,39.32,40.06,39.1,1152
09/23/2024,41.69,2914734,40.01,42.02,39.92,1153
09/24/2024,41.62,3213102,42.16,42.45,41.14,1154
09/25/2024,42.45,2899814,42.04,42.81,41.63,1155
09/26/2024,44.45,3544340,43.29,44.5,43.29,1156
09/27/2024,45,3552027,44.69,45.21,44.46,1157
09/30/2024,45.21,2585387,44.28,45.57,44.14,1158
10/01/2024,45.11,2404359,45.06,45.19,44.2501,1159
10/02/2024,44.17,1457197,44.71,44.77,43.93,1160
10/03/2024,42.68,2469995,44.03,44.18,42.42,1161
10/04/2024,42.48,3473622,43.36,43.93,41.72,1162
10/07/2024,42.54,1950734,42.49,42.67,41.74,1163
10/08/2024,42.74,2464337,42.61,43.35,42.47,1164
10/09/2024,42.8,1435937,42.95,43.66,42.65,1165
10/10/2024,42.96,2434732,42.41,43.24,42.29,1166
10/11/2024,44.63,2683959,42.89,44.735,42.845,1167
10/14/2024,44.69,2429224,44.7,44.94,44.17,1168
10/15/2024,45.4,2025425,45,46.2799,45,1169
10/16/2024,46.39,2602060,45.77,46.865,45.6,1170
10/17/2024,45.65,1714447,46.53,46.53,45.28,1171
10/18/2024,44.94,1816483,45.07,45.5499,44.72,1172
10/21/2024,46.04,3372896,45.02,46.25,45.02,1173
10/22/2024,45.98,1639953,46.04,46.04,45.485,1174
10/23/2024,45.83,1922091,45.62,45.97,45.313,1175
10/24/2024,45.61,2128651,46,46.62,45.21,1176
10/25/2024,45.54,1356980,45.83,45.97,45.29,1177
10/28/2024,47.1,1836213,46.97,47.45,46.75,1178
10/29/2024,46.93,1928947,46.36,47.41,46.3,1179
10/30/2024,47.27,1879047,46.6,47.46,46.5,1180
10/31/2024,47.91,4086605,47.25,50.16,47.21,1181
11/01/2024,49.23,3632444,48.64,49.345,48.06,1182
11/04/2024,47.23,2611313,48.83,49.05,47.23,1183
11/05/2024,48.56,1415479,47.29,48.73,47.29,1184
11/06/2024,51.62,3085413,49.66,51.905,49.525,1185
11/07/2024,50.99,1862891,51.5,52.15,50.99,1186
11/08/2024,51,1443592,51.3,51.6,50.59,1187
11/11/2024,51.85,2498469,51.59,52.185,50.9,1188
11/12/2024,51.45,1341381,51.5,51.95,50.68,1189
11/13/2024,51.67,2407835,51.47,52.7,51.26,1190
11/14/2024,52.88,2789476,52.59,53.6697,52.21,1191
11/15/2024,53.96,2201951,52.93,54.01,52.93,1192
11/18/2024,52.83,2646357,53.19,53.94,52.51,1193
11/19/2024,53.08,1495793,52.04,53.21,51.77,1194
11/20/2024,53.14,1641824,53.08,53.375,52.15,1195
11/21/2024,52.3,1234818,53.06,53.26,52.202,1196
11/22/2024,52.42,1374216,52.3,52.67,52,1197
11/25/2024,53.44,1805848,53.24,53.78,52.74,1198
11/26/2024,52.93,1145688,53.4,54.1399,52.905,1199
11/27/2024,52.68,934808,52.93,53.18,52.51,1200
11/29/2024,52.6,649334,52.66,52.94,52.4,1201
12/02/2024,53.16,1640987,52.54,53.43,51.815,1202
12/03/2024,52.55,2154980,53.3,53.685,52.47,1203
12/04/2024,54.41,1647868,53.71,54.66,53.1201,1204
12/05/2024,55.88,2880184,55.6,56.95,55.27,1205
12/06/2024,54.34,2211952,56.35,56.475,54.0801,1206
12/09/2024,54.16,2504728,54.58,54.92,53.55,1207
12/10/2024,61.29,7566217,61.45,63.9,60.0301,1208
12/11/2024,64.09,5102652,62,65.28,61.86,1209
12/12/2024,63.42,5150484,64.7,65.62,63.1,1210
12/13/2024,62.57,3724012,63.15,63.61,62.17,1211
12/16/2024,63.4,3109327,62.46,63.415,62.03,1212
12/17/2024,63.2,3475215,63,63.52,62.5,1213
12/18/2024,62.44,3369672,63.15,64.61,62.25,1214
12/19/2024,64.97,3066447,62.98,65.24,62.81,1215
12/20/2024,66.02,7046837,64.44,66.81,64.27,1216
12/23/2024,67.47,2425667,65.68,67.505,65.68,1217
12/24/2024,67.6,1032613,67.46,67.73,66.67,1218
12/26/2024,67.02,1278438,66.81,67.68,66.6877,1219
12/27/2024,65.83,6523293,66.39,66.71,65.17,1220
12/30/2024,64.87,2379116,64.93,65.49,64.27,1221
12/31/2024,64.75,1444126,64.8,65.46,64.4291,1222
01/02/2025,64.3,1552252,64.8,65.17,63.8,1223
01/03/2025,63.98,2442241,64.3,64.5,62.82,1224
01/06/2025,64.4,2628580,64.5,65.7699,64.3,1225
01/07/2025,65.52,4309769,65.89,66.515,64.96,1226
01/08/2025,66.29,1777495,65.3,66.86,64.6601,1227
01/10/2025,68.18,3701992,68.89,69.1,66.51,1228
01/13/2025,66.47,2959848,67.43,67.47,65.33,1229
01/14/2025,67.44,2631103,67.44,68.28,66.95,1230
01/15/2025,66.66,2552921,68.23,68.5,66.5903,1231
01/16/2025,67.42,1933598,66.95,67.52,65.82,1232
01/17/2025,66.34,2137776,67.95,67.95,66.12,1233
01/21/2025,68.88,2300970,67.49,68.89,66.76,1234
01/22/2025,67.4,4400034,69.9,70.21,67.05,1235
01/23/2025,68.85,6497203,69.76,71.7,67.82,1236
01/24/2025,69.95,2781650,69.29,70.22,67.45,1237
01/27/2025,70.46,2986558,69.26,71.63,69.15,1238
01/28/2025,71.41,2659213,70.1,71.58,70,1239
01/29/2025,72.2,2392128,71.7,72.89,71.63,1240
01/30/2025,74.43,2601609,71.86,74.65,71.86,1241
01/31/2025,73.25,2981051,73.92,74.7,72.92,1242
02/03/2025,73.49,2970851,71.06,74.86,71,1243
02/04/2025,75.55,2710281,73.91,75.98,73.48,1244
02/05/2025,74.91,2289936,75.54,75.785,74.35,1245
02/06/2025,74.41,2508707,75.05,75.54,73.67,1246
02/07/2025,75.92,3076050,74.97,76.33,74.11,1247
02/10/2025,75.06,2618153,75.75,76.45,74.15,1248
02/11/2025,72.85,2209046,74.49,74.745,72.735,1249
02/12/2025,73.78,1846665,72.76,74.6664,72.359,1250
02/13/2025,72.54,3271973,73.89,75.21,69.36,1251
02/14/2025,75.74,2296820,72.89,75.76,72.21,1252
02/18/2025,75.34,1773528,75.12,75.74,74.534,1253
02/19/2025,76.6,2885410,74.95,78.08,74.75,1254
02/20/2025,75.36,2256427,76.28,76.98,74.37,1255
02/21/2025,70.18,3761163,75.66,75.75,69.59,1256